id,simulation_id,frequency,G_prime,G_double_prime
1,1,100000000.0,10471590.0,9403839.0
2,1,83333330.0,9568666.0,8581490.0
3,1,69444440.0,8744059.0,7829253.0
4,1,57870370.0,7991020.0,7140615.0
5,1,48225310.0,7303439.0,6510469.0
6,1,40187760.0,6675774.0,5932017.0
7,1,33489800.0,6103072.0,5401501.0
8,1,27908160.0,5580911.0,4913768.0
9,1,23256800.0,5105417.0,4465303.0
10,1,19380670.0,4673224.0,4049848.0
11,1,16150560.0,4281545.0,3665614.0
12,1,13458800.0,3928130.0,3310849.0
13,1,11215670.0,3611194.0,2980283.0
14,1,9346388.0,3329392.0,2673284.0
15,1,7788657.0,3081555.0,2387723.0
16,1,6490547.0,2866438.0,2124333.0
17,1,5408789.0,2682366.0,1882735.0
18,1,4507324.0,2527001.0,1662663.0
19,1,3756104.0,2397285.0,1465844.0
20,1,3130086.0,2289565.0,1290803.0
21,1,2608405.0,2199952.0,1136925.0
22,1,2173671.0,2124701.0,1003801.0
23,1,1811393.0,2060509.0,888832.2
24,1,1509494.0,2004681.0,790595.5
25,1,1257912.0,1955141.0,706623.1
26,1,1048260.0,1910352.0,635089.1
27,1,873549.7,1869204.0,574154.5
28,1,727958.1,1830896.0,522196.6
29,1,606631.7,1794849.0,477890.1
30,1,505526.4,1760633.0,440121.3
31,1,421272.0,1727922.0,407952.3
32,1,351060.0,1696455.0,380595.6
33,1,292550.0,1666016.0,357388.1
34,1,243791.7,1636421.0,337768.5
35,1,203159.7,1607510.0,321259.5
36,1,169299.8,1579145.0,307453.4
37,1,141083.1,1551200.0,296001.4
38,1,117569.3,1523566.0,286604.3
39,1,97974.41,1496146.0,279006.4
40,1,81645.34,1468853.0,272988.5
41,1,68037.78,1441604.0,268362.6
42,1,56698.15,1414326.0,264967.0
43,1,47248.46,1386950.0,262661.3
44,1,39373.72,1359411.0,261323.3
45,1,32811.43,1331653.0,260847.1
46,1,27342.86,1303620.0,261141.6
47,1,22785.72,1275260.0,262129.8
48,1,18988.1,1246520.0,263745.9
49,1,15823.41,1217340.0,265930.5
50,1,13186.18,1187656.0,268624.2
51,1,10988.48,1157399.0,271761.8
52,1,9157.068,1126503.0,275266.3
53,1,7630.89,1094907.0,279046.6
54,1,6359.075,1062564.0,282998.0
55,1,5299.229,1029446.0,287005.5
56,1,4416.024,995547.0,290948.6
57,1,3680.02,960882.5,294705.8
58,1,3066.684,925488.3,298158.7
59,1,2555.57,889418.7,301193.6
60,1,2129.641,852744.3,303702.9
61,1,1774.701,815550.5,305585.2
62,1,1478.918,777936.9,306744.4
63,1,1232.431,740019.3,307090.0
64,1,1027.026,701879.5,304189.2
65,1,855.8551,663788.1,303065.3
66,1,713.2126,625842.8,300861.1
67,1,594.3438,588227.3,297562.7
68,1,495.2865,551128.6,293185.2
69,1,412.7388,514725.8,287773.4
70,1,343.949,479180.1,281394.8
71,1,286.6241,444630.8,274131.3
72,1,238.8535,411197.3,266070.7
73,1,199.0445,378982.4,257305.1
74,1,165.8705,348073.6,247931.0
75,1,138.2254,318539.9,238049.4
76,1,115.1878,290429.5,227761.2
77,1,95.98985,263770.4,217160.6
78,1,79.99154,238575.9,206330.6
79,1,66.65962,214851.8,195342.8
80,1,55.54968,192600.4,184260.7
81,1,46.2914,171822.6,173145.2
82,1,38.57617,152515.3,162058.0
83,1,32.14681,134668.5,151062.5
84,1,26.789,118262.6,140222.2
85,1,22.32417,103268.6,129599.1
86,1,18.60348,89648.99,119252.3
87,1,15.5029,77357.59,109238.2
88,1,12.91908,66339.48,99609.83
89,1,10.7659,56530.18,90415.65
90,1,8.971583,47856.25,81696.81
91,1,7.47632,40237.22,73485.08
92,1,6.230266,33588.47,65801.62
93,1,5.191889,27824.18,58657.01
94,1,4.326574,22860.04,52052.12
95,1,3.605478,18615.31,45979.74
96,1,3.004565,15014.04,40426.57
97,1,2.503804,11985.47,35375.15
98,1,2.086504,9463.748,30805.3
99,1,1.738753,7387.438,26695.03
100,1,1.448961,5699.026,23021.01
101,1,1.207467,4344.562,19758.68
102,1,1.006223,3273.5,16882.16
103,1,0.838519,2438.881,14364.03
104,1,0.6987658,1797.829,12175.26
105,1,0.5823049,1312.205,10285.61
106,1,0.485254,949.0849,8664.274
107,1,0.4043784,680.862,7280.822
108,1,0.336982,484.9688,6106.052
109,1,0.2808183,343.3637,5112.616
110,1,0.2340153,241.9186,4275.432
111,1,0.1950127,169.7906,3571.906
112,1,0.1625106,118.8185,2982.008
113,1,0.1354255,82.96709,2488.224
114,1,0.1128546,57.84089,2075.415
115,1,0.09404549,40.27775,1730.624
116,1,0.07837124,28.02464,1442.836
117,1,0.06530936,19.48782,1202.741
118,1,0.05442447,13.54596,1002.504
119,1,0.04535373,9.413094,835.5476
120,1,0.03779477,6.539859,696.3637
121,1,0.03149564,4.543013,580.3459
122,1,0.02624637,3.155567,483.6464
123,1,0.02187197,2.191703,403.0531
124,1,0.01822665,1.522178,335.8859
125,1,0.01518887,1.057147,279.9097
126,1,0.01265739,0.7341675,233.2609
127,1,0.01054783,0.5098568,194.3857
128,1,0.008789856,0.354076,161.989
129,1,0.00732488,0.2458904,134.9914
130,1,0.006104067,0.1707593,112.4931
131,1,0.005086722,0.1185838,93.74447
132,1,0.004238935,0.08235034,78.12049
133,1,0.003532446,0.05718796,65.10047
134,1,0.002943705,0.03971397,54.25043
135,1,0.002453087,0.0275792,45.20871
136,1,0.00204424,0.01915225,37.67394
137,1,0.001703533,0.01330019,31.39496
138,1,0.001419611,0.009236246,26.16247
139,1,0.001183009,0.006414063,21.80206
140,1,0.0009858408,0.004454212,18.16838
141,1,0.000821534,0.003093203,15.14032
142,1,0.0006846117,0.002148058,12.61693
143,1,0.0005705097,0.001491707,10.51411
144,1,0.0004754248,0.001035908,8.76176
145,1,0.0003961873,0.0007193805,7.301467
146,1,0.0003301561,0.0004995698,6.084556
147,1,0.0002751301,0.0003469235,5.070463
148,1,0.0002292751,0.0002409191,4.225386
149,1,0.0001910626,0.0001673049,3.521155
150,1,0.0001592188,0.000116184,2.934296
151,1,0.0001326823,8.068332e-05,2.445246
152,1,0.0001105686,5.603008e-05,2.037705
153,1,9.214051e-05,3.890978e-05,1.698088
154,1,7.678376e-05,2.702068e-05,1.415073
155,1,6.398646e-05,1.876436e-05,1.179228
156,1,5.332205e-05,1.303081e-05,0.9826897
157,1,4.443504e-05,9.049171e-06,0.8189081
158,1,3.70292e-05,6.284146e-06,0.6824234
159,1,3.085767e-05,4.363991e-06,0.5686862
160,1,2.571472e-05,3.030549e-06,0.4739051
161,1,2.142894e-05,2.104548e-06,0.394921
162,1,1.785745e-05,1.461492e-06,0.3291008
163,1,1.488121e-05,1.014925e-06,0.2742507
164,1,1.240101e-05,7.048088e-07,0.2285422
165,1,1.033417e-05,4.894506e-07,0.1904518
166,1,8.611809e-06,3.398962e-07,0.1587099
167,1,7.176508e-06,2.360391e-07,0.1322582
168,1,5.980423e-06,1.63916e-07,0.1102152
169,1,4.983686e-06,1.138306e-07,0.09184599
170,1,4.153072e-06,7.9049e-08,0.07653833
171,1,3.460893e-06,5.489514e-08,0.06378194
172,1,2.884077e-06,3.812163e-08,0.05315162
173,1,2.403398e-06,2.647335e-08,0.04429301
174,1,2.002832e-06,1.838427e-08,0.03691084
175,1,1.669026e-06,1.276686e-08,0.03075904
176,1,1.390855e-06,8.865872e-09,0.02563253
177,1,1.159046e-06,6.156855e-09,0.02136044
178,1,9.658717e-07,4.275594e-09,0.01780037
179,2,100000000.0,10461540.0,9373443.0
180,2,90909090.0,9980971.0,8937853.0
181,2,82644630.0,9522593.0,8520447.0
182,2,75131480.0,9085403.0,8122734.0
183,2,68301350.0,8668429.0,7744429.0
184,2,62092130.0,8270706.0,7381158.0
185,2,56447390.0,7891387.0,7036125.0
186,2,51315810.0,7529609.0,6706014.0
187,2,46650740.0,7184572.0,6390060.0
188,2,42409760.0,6855538.0,6089073.0
189,2,38554330.0,6541780.0,5801341.0
190,2,35049390.0,6242622.0,5526000.0
191,2,31863080.0,5957432.0,5262729.0
192,2,28966440.0,5685609.0,5010653.0
193,2,26333130.0,5426606.0,4770169.0
194,2,23939200.0,5179885.0,4538979.0
195,2,21762910.0,4944974.0,4317629.0
196,2,19784470.0,4721426.0,4105114.0
197,2,17985880.0,4508848.0,3902112.0
198,2,16350800.0,4306857.0,3706481.0
199,2,14864360.0,4115139.0,3519026.0
200,2,13513060.0,3933402.0,3338708.0
201,2,12284600.0,3761393.0,3165039.0
202,2,11167820.0,3598902.0,2998640.0
203,2,10152560.0,3445719.0,2837404.0
204,2,9229600.0,3301684.0,2682701.0
205,2,8390545.0,3166634.0,2534952.0
206,2,7627768.0,3040384.0,2392133.0
207,2,6934335.0,2922758.0,2255367.0
208,2,6303941.0,2813542.0,2124076.0
209,2,5730855.0,2712491.0,1998412.0
210,2,5209868.0,2619323.0,1879027.0
211,2,4736244.0,2533693.0,1764663.0
212,2,4305676.0,2455226.0,1656312.0
213,2,3914251.0,2383493.0,1553627.0
214,2,3558410.0,2318031.0,1456928.0
215,2,3234918.0,2258347.0,1365991.0
216,2,2940835.0,2203930.0,1280841.0
217,2,2673486.0,2154269.0,1201078.0
218,2,2430442.0,2108858.0,1126593.0
219,2,2209493.0,2067218.0,1057656.0
220,2,2008630.0,2028892.0,993593.6
221,2,1826027.0,1993461.0,934065.2
222,2,1660025.0,1960550.0,879283.4
223,2,1509113.0,1929819.0,828810.5
224,2,1371921.0,1900971.0,782218.6
225,2,1247201.0,1873748.0,739358.5
226,2,1133819.0,1847927.0,699968.2
227,2,1030745.0,1823318.0,663750.2
228,2,937040.6,1799757.0,630450.9
229,2,851855.1,1777107.0,599846.9
230,2,774413.8,1755250.0,571722.2
231,2,704012.5,1734088.0,545882.0
232,2,640011.4,1713537.0,522145.6
233,2,581828.5,1693526.0,500346.0
234,2,528935.0,1673994.0,480329.9
235,2,480850.0,1654890.0,461956.8
236,2,437136.4,1636168.0,445098.2
237,2,397396.7,1617789.0,429637.2
238,2,361269.7,1599719.0,415467.1
239,2,328427.0,1581925.0,402490.5
240,2,298570.0,1564380.0,390618.8
241,2,271427.3,1547056.0,379770.7
242,2,246752.1,1529930.0,369871.8
243,2,224320.1,1512979.0,360854.0
244,2,203927.3,1496180.0,352654.4
245,2,185388.5,1479516.0,345215.5
246,2,168535.0,1462965.0,338483.9
247,2,153213.6,1446512.0,332410.7
248,2,139285.1,1430138.0,326950.6
249,2,126622.8,1413829.0,322061.9
250,2,115111.7,1397570.0,317706.1
251,2,104647.0,1381345.0,313847.6
252,2,95133.61,1365142.0,310453.7
253,2,86485.1,1348948.0,307493.7
254,2,78622.82,1332749.0,304939.2
255,2,71475.29,1316534.0,302763.7
256,2,64977.54,1300291.0,300942.1
257,2,59070.49,1284010.0,299451.2
258,2,53700.44,1267680.0,298269.0
259,2,48818.59,1251292.0,297375.2
260,2,44380.53,1234837.0,296750.6
261,2,40345.94,1218308.0,296377.9
262,2,36678.13,1201696.0,296240.9
263,2,33343.75,1184994.0,296325.0
264,2,30312.5,1168195.0,296616.6
265,2,27556.82,1151291.0,297103.4
266,2,25051.65,1134275.0,297773.9
267,2,22774.23,1117138.0,298617.1
268,2,20703.85,1099873.0,299622.8
269,2,18821.68,1082470.0,300780.9
270,2,17110.62,1064922.0,302081.4
271,2,15555.11,1047218.0,303514.2
272,2,14141.01,1029349.0,305068.7
273,2,12855.46,1011304.0,306733.6
274,2,11686.78,993073.7,308496.9
275,2,10624.35,974647.4,310345.0
276,2,9658.497,956014.8,312263.4
277,2,8780.452,937166.4,314235.8
278,2,7982.229,918093.2,316244.3
279,2,7256.572,898787.3,318269.2
280,2,6596.883,879242.0,320289.2
281,2,5997.167,859452.7,322281.2
282,2,5451.97,839416.4,324220.3
283,2,4956.336,819133.0,326080.7
284,2,4505.76,798604.4,327835.1
285,2,4096.145,777835.8,329455.7
286,2,3723.769,756834.6,330914.0
287,2,3385.244,735611.4,332181.3
288,2,3077.495,714179.4,333228.8
289,2,2797.722,692554.5,334027.7
290,2,2543.384,670755.4,334549.0
291,2,2312.167,648804.2,334764.0
292,2,2101.97,626725.9,334644.6
293,2,1910.882,604549.6,334163.1
294,2,1737.166,582308.1,333293.3
295,2,1579.241,560037.9,332011.5
296,2,1435.674,537717.6,327518.0
297,2,1305.158,515525.1,325604.6
298,2,1186.507,493432.0,323205.1
299,2,1078.643,471486.0,320313.6
300,2,980.5847,449735.3,316928.4
301,2,891.4406,428227.8,313052.8
302,2,810.4005,407010.1,308693.7
303,2,736.7278,386127.6,303861.6
304,2,669.7525,365623.5,298569.8
305,2,608.8659,345539.7,292834.3
306,2,553.5145,325916.5,286673.1
307,2,503.195,306793.0,280106.5
308,2,457.45,288207.2,273157.6
309,2,415.8636,270195.9,265852.4
310,2,378.0578,252794.0,258220.4
311,2,343.6889,236034.3,250294.8
312,2,312.4445,219945.9,242112.9
313,2,284.0404,204554.1,233715.3
314,2,258.2186,189878.5,225146.1
315,2,234.7442,175933.1,216451.1
316,2,213.4038,162725.1,207677.2
317,2,194.0034,150255.3,198871.4
318,2,176.3668,138518.2,190078.8
319,2,160.3334,127502.4,181342.6
320,2,145.7577,117191.5,172702.6
321,2,132.507,107564.8,164194.8
322,2,120.4609,98598.34,155851.4
323,2,109.5099,90265.36,147700.4
324,2,99.55444,82537.44,139765.5
325,2,90.50404,75384.86,132067.0
326,2,82.2764,68777.16,124621.1
327,2,74.79673,62683.5,117440.9
328,2,67.99702,57073.03,110536.2
329,2,61.81548,51915.16,103913.7
330,2,56.19589,47179.8,97577.68
331,2,51.08717,42837.64,91529.54
332,2,46.44288,38860.36,85768.57
333,2,42.2208,35220.8,80291.94
334,2,38.38255,31893.14,75095.06
335,2,34.89323,28853.05,70171.78
336,2,31.72111,26077.72,65514.74
337,2,28.83738,23545.94,61115.62
338,2,26.2158,21238.09,56965.39
339,2,23.83254,19136.05,53054.58
340,2,21.66595,17223.17,49373.48
341,2,19.69632,15484.09,45912.29
342,2,17.90574,13904.65,42661.28
343,2,16.27795,12471.77,39610.85
344,2,14.79813,11173.3,36751.57
345,2,13.45285,9997.937,34074.2
346,2,12.22986,8935.182,31569.71
347,2,11.11806,7975.249,29229.25
348,2,10.10732,7109.05,27044.16
349,2,9.188477,6328.17,25005.98
350,2,8.353161,5624.853,23106.46
351,2,7.593782,4991.977,21337.58
352,2,6.903439,4423.043,19691.57
353,2,6.275853,3912.141,18160.97
354,2,5.705321,3453.914,16738.61
355,2,5.186656,3043.519,15417.69
356,2,4.715141,2676.572,14191.74
357,2,4.286492,2349.102,13054.68
358,2,3.896811,2057.493,12000.79
359,2,3.542556,1798.44,11024.71
360,2,3.220505,1568.899,10121.41
361,2,2.927732,1366.057,9286.179
362,2,2.661574,1187.301,8514.573
363,2,2.419613,1030.196,7802.417
364,2,2.199648,892.4797,7145.76
365,2,1.99968,772.0522,6540.856
366,2,1.817891,666.9757,5984.146
367,2,1.652628,575.4746,5472.251
368,2,1.502389,495.9345,5001.959
369,2,1.365809,426.8994,4570.229
370,2,1.241644,367.0667,4174.184
371,2,1.128767,315.2786,3811.115
372,2,1.026152,270.5116,3478.48
373,2,0.9328656,231.8642,3173.9
374,2,0.8480596,198.5438,2895.157
375,2,0.7709633,169.8544,2640.188
376,2,0.7008757,145.1843,2407.077
377,2,0.6371598,123.9965,2194.047
378,2,0.5792361,105.8196,1999.452
379,2,0.5265783,90.24054,1821.766
380,2,0.4787076,76.89803,1659.581
381,2,0.4351887,65.47749,1511.595
382,2,0.3956261,55.70593,1376.603
383,2,0.3596601,47.34757,1253.497
384,2,0.3269637,40.19971,1141.257
385,2,0.2972397,34.0888,1038.943
386,2,0.2702179,28.86666,945.6946
387,2,0.2456527,24.40698,860.7209
388,2,0.2233206,20.60212,783.2994
389,2,0.2030187,17.36011,712.7689
390,2,0.1845625,14.60214,648.5253
391,2,0.1677841,12.26038,590.0165
392,2,0.152531,10.27619,536.7387
393,2,0.1386645,8.59875,488.2313
394,2,0.1260587,7.183872,444.0738
395,2,0.1145988,5.993164,403.8822
396,2,0.1041807,4.993289,367.3052
397,2,0.09470974,4.155378,334.0223
398,2,0.08609976,3.454514,303.7406
399,2,0.07827251,2.869277,276.1924
400,2,0.07115683,2.381329,251.1336
401,2,0.06468803,1.975038,228.3411
402,2,0.0588073,1.637129,207.6117
403,2,0.05346118,1.356373,188.7599
404,2,0.04860107,1.123303,171.6166
405,2,0.04418279,0.9299606,156.0277
406,2,0.04016617,0.7696723,141.8529
407,2,0.0365147,0.6368563,128.9644
408,2,0.03319519,0.5268522,117.2458
409,2,0.03017744,0.4357752,106.5912
410,2,0.02743404,0.3603917,96.90423
411,2,0.02494003,0.2980137,88.09709
412,2,0.02267276,0.2464083,80.09003
413,2,0.0206116,0.2037226,72.81044
414,2,0.01873782,0.1684201,66.19231
415,2,0.01703438,0.1392273,60.17557
416,2,0.0154858,0.1150893,54.70563
417,2,0.014078,0.09513251,49.73282
418,2,0.01279818,0.07863379,45.21197
419,2,0.01163471,0.06499472,41.10203
420,2,0.01057701,0.0537202,37.36566
421,2,0.009615463,0.04440065,33.96892
422,2,0.00874133,0.03669734,30.88094
423,2,0.007946663,0.03033015,28.07366
424,2,0.00722424,0.02506745,25.52156
425,2,0.00656749,0.02071773,23.20147
426,2,0.005970446,0.01712266,21.09227
427,2,0.005427678,0.01415134,19.17482
428,2,0.004934253,0.01169559,17.43167
429,2,0.004485684,0.009665954,15.84699
430,2,0.004077895,0.007988515,14.40636
431,2,0.003707177,0.006602162,13.0967
432,2,0.003370161,0.00545639,11.9061
433,2,0.003063783,0.004509452,10.82373
434,2,0.002785257,0.003726847,9.839758
435,2,0.002532052,0.003080057,8.945237
436,2,0.002301865,0.002545514,8.132035
437,2,0.002092605,0.002103739,7.392761
438,2,0.001902368,0.001738633,6.720693
439,2,0.001729426,0.001436891,6.109721
440,2,0.001572205,0.001187516,5.554293
441,2,0.001429277,0.0009814199,5.049357
442,2,0.001299343,0.0008110921,4.590325
443,2,0.001181221,0.0006703249,4.173023
444,2,0.001073837,0.0005539881,3.793658
445,2,0.0009762156,0.0004578418,3.44878
446,3,100000000.0,10423150.0,9399718.0
447,3,90909090.0,9940908.0,8958561.0
448,3,82644630.0,9481094.0,8537013.0
449,3,75131480.0,9042686.0,8134771.0
450,3,68301350.0,8624704.0,7750705.0
451,3,62092130.0,8226215.0,7383720.0
452,3,56447390.0,7846341.0,7033164.0
453,3,51315810.0,7484246.0,6698206.0
454,3,46650740.0,7139137.0,6377889.0
455,3,42409760.0,6810272.0,6071603.0
456,3,38554330.0,6496945.0,5778499.0
457,3,35049390.0,6198502.0,5498010.0
458,3,31863080.0,5914324.0,5229268.0
459,3,28966440.0,5643842.0,4971782.0
460,3,26333130.0,5386527.0,4725088.0
461,3,23939200.0,5141892.0,4488208.0
462,3,21762910.0,4909498.0,4260900.0
463,3,19784470.0,4688946.0,4042397.0
464,3,17985880.0,4479884.0,3832507.0
465,3,16350800.0,4281999.0,3630528.0
466,3,14864360.0,4095025.0,3436290.0
467,3,13513060.0,3918723.0,3249058.0
468,3,12284600.0,3752897.0,3069038.0
469,3,11167820.0,3597366.0,2895496.0
470,3,10152560.0,3451968.0,2728566.0
471,3,9229600.0,3316541.0,2568009.0
472,3,8390545.0,3190909.0,2413823.0
473,3,7627768.0,3074865.0,2265827.0
474,3,6934335.0,2968163.0,2124348.0
475,3,6303941.0,2870494.0,1989060.0
476,3,5730855.0,2781489.0,1860326.0
477,3,5209868.0,2700708.0,1738276.0
478,3,4736244.0,2627644.0,1622778.0
479,3,4305676.0,2561737.0,1514072.0
480,3,3914251.0,2502381.0,1411998.0
481,3,3558410.0,2448952.0,1316524.0
482,3,3234918.0,2400819.0,1227532.0
483,3,2940835.0,2357368.0,1144869.0
484,3,2673486.0,2318015.0,1068137.0
485,3,2430442.0,2282223.0,997144.7
486,3,2209493.0,2249507.0,931586.3
487,3,2008630.0,2219438.0,871101.2
488,3,1826027.0,2191644.0,815290.9
489,3,1660025.0,2165807.0,763891.3
490,3,1509113.0,2141660.0,716560.2
491,3,1371921.0,2118977.0,672899.6
492,3,1247201.0,2097571.0,632693.5
493,3,1133819.0,2077287.0,595653.6
494,3,1030745.0,2057994.0,561467.2
495,3,937040.6,2039584.0,529936.9
496,3,851855.1,2021965.0,500840.9
497,3,774413.8,2005062.0,473985.4
498,3,704012.5,1988807.0,449188.2
499,3,640011.4,1973143.0,426278.6
500,3,581828.5,1958020.0,405105.0
501,3,528935.0,1943395.0,385532.1
502,3,480850.0,1929228.0,367436.4
503,3,437136.4,1915485.0,350705.3
504,3,397396.7,1902133.0,335236.0
505,3,361269.7,1889144.0,320934.1
506,3,328427.0,1876490.0,307713.6
507,3,298570.0,1864148.0,295495.7
508,3,271427.3,1852095.0,284207.9
509,3,246752.1,1840309.0,273784.1
510,3,224320.1,1828771.0,264163.7
511,3,203927.3,1817461.0,255290.9
512,3,185388.5,1806362.0,247114.6
513,3,168535.0,1795456.0,239587.9
514,3,153213.6,1784729.0,232667.6
515,3,139285.1,1774163.0,226313.7
516,3,126622.8,1763744.0,220489.5
517,3,115111.7,1753457.0,215160.9
518,3,104647.0,1743289.0,210296.2
519,3,95133.61,1733227.0,205866.2
520,3,86485.1,1723258.0,201843.6
521,3,78622.82,1713371.0,198203.1
522,3,71475.29,1703553.0,194921.3
523,3,64977.54,1693796.0,191976.5
524,3,59070.49,1684087.0,189348.7
525,3,53700.44,1674419.0,187019.6
526,3,48818.59,1664780.0,184972.4
527,3,44380.53,1655163.0,183191.3
528,3,40345.94,1645558.0,181662.0
529,3,36678.13,1635957.0,180371.2
530,3,33343.75,1626351.0,179306.1
531,3,30312.5,1616730.0,178455.0
532,3,27556.82,1607088.0,177806.5
533,3,25051.65,1597417.0,177349.8
534,3,22774.23,1587708.0,177074.8
535,3,20703.85,1577954.0,176971.7
536,3,18821.68,1568150.0,177031.4
537,3,17110.62,1558290.0,177245.3
538,3,15555.11,1548367.0,177605.5
539,3,14141.01,1538375.0,178104.8
540,3,12855.46,1528311.0,178736.6
541,3,11686.78,1518170.0,179495.3
542,3,10624.35,1507945.0,180375.3
543,3,9658.497,1497632.0,181372.1
544,3,8780.452,1487226.0,182481.1
545,3,7982.229,1476723.0,183698.5
546,3,7256.572,1466116.0,185020.3
547,3,6596.883,1455400.0,186443.1
548,3,5997.167,1444570.0,187963.4
549,3,5451.97,1433619.0,189577.7
550,3,4956.336,1422543.0,191282.5
551,3,4505.76,1411334.0,193074.2
552,3,4096.145,1399987.0,194949.1
553,3,3723.769,1388495.0,196902.8
554,3,3385.244,1376852.0,198930.8
555,3,3077.495,1365052.0,201028.1
556,3,2797.722,1353088.0,203189.0
557,3,2543.384,1340955.0,205407.3
558,3,2312.167,1328646.0,207676.1
559,3,2101.97,1316157.0,209987.8
560,3,1910.882,1303484.0,212334.4
561,3,1737.166,1290621.0,214707.3
562,3,1579.241,1277567.0,217097.1
563,3,1435.674,1264319.0,219494.3
564,3,1305.158,1250876.0,221889.0
565,3,1186.507,1237237.0,224271.1
566,3,1078.643,1223404.0,226630.1
567,3,980.5847,1209378.0,228955.9
568,3,891.4406,1195161.0,231238.0
569,3,810.4005,1180758.0,233466.3
570,3,736.7278,1166173.0,235631.0
571,3,669.7525,1151412.0,237722.3
572,3,608.8659,1136482.0,239731.0
573,3,553.5145,1121389.0,241648.2
574,3,503.195,1106048.0,241319.2
575,3,457.45,1090671.0,243222.8
576,3,415.8636,1075156.0,244994.3
577,3,378.0578,1059512.0,246628.5
578,3,343.6889,1043751.0,248121.0
579,3,312.4445,1027883.0,249467.6
580,3,284.0404,1011920.0,250665.0
581,3,258.2186,995874.3,251710.4
582,3,234.7442,979756.6,252601.3
583,3,213.4038,963578.7,253335.8
584,3,194.0034,947352.2,253912.6
585,3,176.3668,931088.6,254330.6
586,3,160.3334,914799.3,254589.1
587,3,145.7577,898495.6,254687.6
588,3,132.507,882188.7,254626.0
589,3,120.4609,865889.7,254404.4
590,3,109.5099,849609.7,254023.2
591,3,99.55444,833359.4,253483.1
592,3,90.50404,817149.5,252785.1
593,3,82.2764,800989.9,251930.4
594,3,74.79673,784890.5,250920.0
595,3,67.99702,768860.5,249754.9
596,3,61.81548,752908.7,248435.7
597,3,56.19589,737044.1,246962.0
598,3,51.08717,721275.6,245332.9
599,3,46.44288,705612.9,243546.6
600,3,42.2208,690067.0,241600.8
601,3,38.38255,674650.4,239492.7
602,3,34.89323,659377.5,237220.4
603,3,31.72111,644264.5,234783.0
604,3,28.83738,629329.3,232181.5
605,3,26.2158,614590.9,229419.7
606,3,23.83254,600068.5,226504.4
607,3,21.66595,585780.5,223445.4
608,3,19.69632,571744.1,220255.8
609,3,17.90574,557974.1,216950.9
610,3,16.27795,544482.6,213548.2
611,3,14.79813,531278.8,210066.2
612,3,13.45285,518368.7,206524.0
613,3,12.22986,505755.4,202940.9
614,3,11.11806,493439.2,199335.4
615,3,10.10732,481418.0,195725.4
616,3,9.188477,469687.5,192127.4
617,3,8.353161,458241.5,188556.8
618,3,7.593782,447072.0,185027.4
619,3,6.903439,436169.9,181551.5
620,3,6.275853,425524.8,178139.7
621,3,5.705321,415125.4,174801.1
622,3,5.186656,404959.8,171542.8
623,3,4.715141,395015.8,168370.3
624,3,4.286492,385280.6,165287.6
625,3,3.896811,375741.9,162296.8
626,3,3.542556,366387.4,159398.5
627,3,3.220505,357205.4,156591.8
628,3,2.927732,348184.6,153874.8
629,3,2.661574,339314.7,151244.2
630,3,2.419613,330586.0,148695.8
631,3,2.199648,321989.9,146224.8
632,3,1.99968,313518.3,143825.7
633,3,1.817891,305164.2,141492.1
634,3,1.652628,296921.4,139217.3
635,3,1.502389,288784.9,136994.3
636,3,1.365809,280750.3,134815.4
637,3,1.241644,272814.7,132672.9
638,3,1.128767,264976.3,130558.9
639,3,1.026152,257234.3,128465.5
640,3,0.9328656,249589.4,126385.3
641,3,0.8480596,242043.3,124311.3
642,3,0.7709633,234598.8,122237.3
643,3,0.7008757,227259.5,120158.1
644,3,0.6371598,220029.7,118069.4
645,3,0.5792361,212914.0,115967.9
646,3,0.5265783,205917.4,113851.7
647,3,0.4787076,199044.6,111719.6
648,3,0.4351887,192300.4,109571.4
649,3,0.3956261,185689.3,107407.8
650,3,0.3596601,179215.7,105230.3
651,3,0.3269637,172883.3,103040.9
652,3,0.2972397,166695.7,100842.8
653,3,0.2702179,160655.6,98639.57
654,3,0.2456527,154765.2,96435.48
655,3,0.2233206,149025.7,94235.31
656,3,0.2030187,143437.3,92044.09
657,3,0.1845625,137999.0,89866.88
658,3,0.1677841,132708.9,87708.45
659,3,0.152531,127564.1,85573.05
660,3,0.1386645,122561.1,83464.21
661,3,0.1260587,117695.8,81384.63
662,3,0.1145988,112964.0,79336.16
663,3,0.1041807,108361.6,77319.91
664,3,0.09470974,103884.7,75336.35
665,3,0.08609976,99529.76,73385.54
666,3,0.07827251,95293.5,71467.3
667,3,0.07115683,91173.03,69581.37
668,3,0.06468803,87165.59,67727.52
669,3,0.0588073,83268.48,65905.56
670,3,0.05346118,79478.9,64115.33
671,3,0.04860107,75793.85,62356.57
672,3,0.04418279,72210.15,60628.78
673,3,0.04016617,68724.39,58931.04
674,3,0.0365147,65333.15,57261.87
675,3,0.03319519,62033.18,55619.15
676,3,0.03017744,58821.6,54000.08
677,3,0.02743404,55696.21,52401.32
678,3,0.02494003,52655.66,50819.13
679,3,0.02267276,49699.62,49249.68
680,3,0.0206116,46828.8,47689.4
681,3,0.01873782,44044.87,46135.2
682,3,0.01703438,41350.26,44584.87
683,3,0.0154858,38747.91,43037.19
684,3,0.014078,36240.94,41492.06
685,3,0.01279818,33832.31,39950.49
686,3,0.01163471,31524.54,38414.44
687,3,0.01057701,29319.5,36886.7
688,3,0.009615463,27218.25,35370.57
689,3,0.00874133,25220.97,33869.68
690,3,0.007946663,23327.0,32387.67
691,3,0.00722424,21534.94,30928.05
692,3,0.00656749,19842.76,29494.06
693,3,0.005970446,18247.95,28088.5
694,3,0.005427678,16747.69,26713.81
695,3,0.004934253,15338.97,25371.99
696,3,0.004485684,14018.68,24064.7
697,3,0.004077895,12783.71,22793.33
698,3,0.003707177,11630.93,21559.0
699,3,0.003370161,10557.25,20362.68
700,3,0.003063783,9559.589,19205.21
701,3,0.002785257,8634.847,18087.3
702,3,0.002532052,7779.92,17009.56
703,3,0.002301865,6991.672,15972.48
704,3,0.002092605,6266.939,14976.47
705,3,0.001902368,5602.527,14021.78
706,3,0.001729426,4995.223,13108.55
707,3,0.001572205,4441.803,12236.78
708,3,0.001429277,3939.053,11406.32
709,3,0.001299343,3483.778,10616.87
710,3,0.001181221,3072.825,9868.008
711,3,0.001073837,2703.099,9159.145
712,3,0.0009762156,2371.577,8489.575
713,4,100000000.0,10429150.0,9396452.0
714,4,90909090.0,9947129.0,8956246.0
715,4,82644630.0,9487498.0,8535312.0
716,4,75131480.0,9049239.0,8133830.0
717,4,68301350.0,8631370.0,7750595.0
718,4,62092130.0,8232957.0,7384328.0
719,4,56447390.0,7853122.0,7034644.0
720,4,51315810.0,7491026.0,6700528.0
721,4,46650740.0,7145875.0,6380890.0
722,4,42409760.0,6816927.0,6075511.0
723,4,38554330.0,6503473.0,5783333.0
724,4,35049390.0,6204853.0,5503666.0
725,4,31863080.0,5920447.0,5235855.0
726,4,28966440.0,5649679.0,4979227.0
727,4,26333130.0,5392018.0,4733533.0
728,4,23939200.0,5146968.0,4497714.0
729,4,21762910.0,4914081.0,4271354.0
730,4,19784470.0,4692952.0,4053848.0
731,4,17985880.0,4483223.0,3845195.0
732,4,16350800.0,4284566.0,3644262.0
733,4,14864360.0,4096707.0,3451070.0
734,4,13513060.0,3919401.0,3265005.0
735,4,12284600.0,3752442.0,3085982.0
736,4,11167820.0,3595644.0,2913585.0
737,4,10152560.0,3448841.0,2747607.0
738,4,9229600.0,3311873.0,2588024.0
739,4,8390545.0,3184568.0,2434786.0
740,4,7627768.0,3066730.0,2287588.0
741,4,6934335.0,2958128.0,2146796.0
742,4,6303941.0,2858473.0,2012006.0
743,4,5730855.0,2767423.0,1883670.0
744,4,5209868.0,2684566.0,1761929.0
745,4,4736244.0,2609424.0,1646486.0
746,4,4305676.0,2541467.0,1537729.0
747,4,3914251.0,2480117.0,1435412.0
748,4,3558410.0,2424771.0,1339678.0
749,4,3234918.0,2374816.0,1250324.0
750,4,2940835.0,2329648.0,1167133.0
751,4,2673486.0,2288691.0,1089916.0
752,4,2430442.0,2251406.0,1018371.0
753,4,2209493.0,2217303.0,952271.4
754,4,2008630.0,2185946.0,891229.5
755,4,1826027.0,2156954.0,834900.6
756,4,1660025.0,2129997.0,782981.6
757,4,1509113.0,2104795.0,735228.5
758,4,1371921.0,2081111.0,691165.1
759,4,1247201.0,2058750.0,650618.5
760,4,1133819.0,2037544.0,613248.7
761,4,1030745.0,2017356.0,578812.8
762,4,937040.6,1998070.0,547063.1
763,4,851855.1,1979589.0,517801.0
764,4,774413.8,1961831.0,490814.0
765,4,704012.5,1944724.0,465919.7
766,4,640011.4,1928208.0,442946.3
767,4,581828.5,1912230.0,421741.5
768,4,528935.0,1896742.0,402167.9
769,4,480850.0,1881705.0,384099.9
770,4,437136.4,1867080.0,367422.7
771,4,397396.7,1852835.0,352031.2
772,4,361269.7,1838939.0,337829.2
773,4,328427.0,1825363.0,324728.6
774,4,298570.0,1812084.0,312648.6
775,4,271427.3,1799077.0,301515.2
776,4,246752.1,1786321.0,291260.6
777,4,224320.1,1773796.0,281822.5
778,4,203927.3,1761482.0,273144.1
779,4,185388.5,1749362.0,265173.0
780,4,168535.0,1737419.0,257861.4
781,4,153213.6,1725637.0,251165.4
782,4,139285.1,1714000.0,245044.3
783,4,126622.8,1702494.0,239461.2
784,4,115111.7,1691105.0,234381.6
785,4,104647.0,1679820.0,229774.2
786,4,95133.61,1668625.0,225609.9
787,4,86485.1,1657508.0,221862.1
788,4,78622.82,1646458.0,218506.4
789,4,71475.29,1635463.0,215520.1
790,4,64977.54,1624510.0,212882.6
791,4,59070.49,1613591.0,210574.7
792,4,53700.44,1602692.0,208578.6
793,4,48818.59,1591804.0,206877.7
794,4,44380.53,1580916.0,205456.7
795,4,40345.94,1570018.0,204300.9
796,4,36678.13,1559100.0,203396.6
797,4,33343.75,1548152.0,202730.8
798,4,30312.5,1537164.0,202291.1
799,4,27556.82,1526129.0,202065.6
800,4,25051.65,1515037.0,202043.1
801,4,22774.23,1503880.0,202212.9
802,4,20703.85,1492652.0,202565.0
803,4,18821.68,1481346.0,203090.1
804,4,17110.62,1469956.0,203779.3
805,4,15555.11,1458475.0,204624.9
806,4,14141.01,1446900.0,205619.7
807,4,12855.46,1435225.0,206757.7
808,4,11686.78,1423445.0,208033.7
809,4,10624.35,1411557.0,209443.5
810,4,9658.497,1399555.0,210984.1
811,4,8780.452,1387435.0,212653.1
812,4,7982.229,1375190.0,214449.0
813,4,7256.572,1362815.0,216370.5
814,4,6596.883,1350303.0,218416.9
815,4,5997.167,1337644.0,220587.3
816,4,5451.97,1324832.0,222880.7
817,4,4956.336,1311855.0,225295.5
818,4,4505.76,1298705.0,227829.7
819,4,4096.145,1285370.0,230480.4
820,4,3723.769,1271841.0,233243.7
821,4,3385.244,1258105.0,236114.9
822,4,3077.495,1244152.0,239088.0
823,4,2797.722,1229971.0,242156.2
824,4,2543.384,1215551.0,245311.4
825,4,2312.167,1200884.0,248544.5
826,4,2101.97,1185958.0,251845.3
827,4,1910.882,1170765.0,255202.7
828,4,1737.166,1155298.0,258604.4
829,4,1579.241,1139548.0,262037.4
830,4,1435.674,1123508.0,265487.2
831,4,1305.158,1107173.0,268938.4
832,4,1186.507,1090537.0,272374.5
833,4,1078.643,1073598.0,275777.3
834,4,980.5847,1056351.0,279127.4
835,4,891.4406,1038796.0,282403.7
836,4,810.4005,1020933.0,285583.7
837,4,736.7278,1002766.0,288643.2
838,4,669.7525,984199.1,289126.0
839,4,608.8659,965462.5,292086.3
840,4,553.5145,946446.9,294827.4
841,4,503.195,927170.0,297324.0
842,4,457.45,907654.0,299552.1
843,4,415.8636,887924.7,301489.8
844,4,378.0578,868011.3,303118.3
845,4,343.6889,847945.5,304422.4
846,4,312.4445,827760.3,305391.1
847,4,284.0404,807488.4,306017.2
848,4,258.2186,787162.1,306296.9
849,4,234.7442,766811.6,306228.8
850,4,213.4038,746465.7,305812.9
851,4,194.0034,726151.4,305049.8
852,4,176.3668,705895.2,303939.8
853,4,160.3334,685723.0,302482.7
854,4,145.7577,665662.0,300678.1
855,4,132.507,645740.8,298525.8
856,4,120.4609,625990.2,296026.8
857,4,109.5099,606442.7,293184.6
858,4,99.55444,587132.5,290006.0
859,4,90.50404,568094.0,286502.0
860,4,82.2764,549360.9,282688.5
861,4,74.79673,530964.8,278585.5
862,4,67.99702,512933.6,274217.2
863,4,61.81548,495291.2,269610.7
864,4,56.19589,478056.4,264794.7
865,4,51.08717,461243.1,259798.6
866,4,46.44288,444860.9,254650.9
867,4,42.2208,428915.1,249378.8
868,4,38.38255,413408.3,244007.7
869,4,34.89323,398340.7,238560.6
870,4,31.72111,383710.7,233058.8
871,4,28.83738,369515.9,227521.9
872,4,26.2158,355752.8,221968.0
873,4,23.83254,342417.2,216414.7
874,4,21.66595,329503.8,210878.4
875,4,19.69632,317006.4,205375.3
876,4,17.90574,304917.5,199920.7
877,4,16.27795,293228.0,194529.1
878,4,14.79813,281927.7,189214.0
879,4,13.45285,271005.0,183987.6
880,4,12.22986,260447.1,178860.8
881,4,11.11806,250240.3,173842.6
882,4,10.10732,240370.1,168940.8
883,4,9.188477,230821.5,164160.9
884,4,8.353161,221579.3,159507.3
885,4,7.593782,212628.2,154982.0
886,4,6.903439,203953.2,150585.8
887,4,6.275853,195539.7,146317.9
888,4,5.705321,187373.5,142175.7
889,4,5.186656,179441.4,138155.8
890,4,4.715141,171731.0,134253.1
891,4,4.286492,164230.9,130462.0
892,4,3.896811,156930.5,126775.8
893,4,3.542556,149820.8,123187.1
894,4,3.220505,142893.6,119687.9
895,4,2.927732,136142.0,116269.9
896,4,2.661574,129560.5,112924.2
897,4,2.419613,123144.9,109642.0
898,4,2.199648,116892.4,106414.7
899,4,1.99968,110801.7,103233.8
900,4,1.817891,104872.6,100091.4
901,4,1.652628,99106.16,96980.31
902,4,1.502389,93504.68,93894.37
903,4,1.365809,88071.2,90828.53
904,4,1.241644,82809.44,87778.99
905,4,1.128767,77723.52,84743.3
906,4,1.026152,72817.7,81720.37
907,4,0.9328656,68096.11,78710.4
908,4,0.8480596,63562.57,75714.85
909,4,0.7709633,59220.34,72736.26
910,4,0.7008757,55072.02,69778.13
911,4,0.6371598,51119.45,66844.73
912,4,0.5792361,47363.62,63940.99
913,4,0.5265783,43804.61,61072.35
914,4,0.4787076,40441.6,58244.58
915,4,0.4351887,37272.79,55463.73
916,4,0.3956261,34295.44,52735.93
917,4,0.3596601,31505.79,50067.25
918,4,0.3269637,28899.14,47463.58
919,4,0.2972397,26469.88,44930.41
920,4,0.2702179,24211.61,42472.76
921,4,0.2456527,22117.2,40094.98
922,4,0.2233206,20179.0,37800.7
923,4,0.2030187,18388.96,35592.76
924,4,0.1845625,16738.83,33473.23
925,4,0.1677841,15220.24,31443.37
926,4,0.152531,13824.91,29503.73
927,4,0.1386645,12544.7,27654.19
928,4,0.1260587,11371.68,25894.07
929,4,0.1145988,10298.26,24222.15
930,4,0.1041807,9317.154,22636.79
931,4,0.09470974,8421.436,21136.01
932,4,0.08609976,7604.553,19717.52
933,4,0.07827251,6860.32,18378.82
934,4,0.07115683,6182.914,17117.19
935,4,0.06468803,5566.877,15929.8
936,4,0.0588073,5007.103,14813.67
937,4,0.05346118,4498.836,13765.78
938,4,0.04860107,4037.662,12783.04
939,4,0.04418279,3619.503,11862.34
940,4,0.04016617,3240.607,11000.58
941,4,0.0365147,2897.529,10194.7
942,4,0.03319519,2587.117,9441.719
943,4,0.03017744,2306.487,8738.709
944,4,0.02743404,2053.005,8082.852
945,4,0.02494003,1824.26,7471.43
946,4,0.02267276,1618.049,6901.832
947,4,0.0206116,1432.357,6371.557
948,4,0.01873782,1265.343,5878.214
949,4,0.01703438,1115.329,5419.525
950,4,0.0154858,980.7816,4993.324
951,4,0.014078,860.3064,4597.556
952,4,0.01279818,752.6306,4230.28
953,4,0.01163471,656.5933,3889.661
954,4,0.01057701,571.1339,3573.974
955,4,0.009615463,495.2816,3281.596
956,4,0.00874133,428.1465,3011.001
957,4,0.007946663,368.9109,2760.758
958,4,0.00722424,316.8219,2529.524
959,4,0.00656749,271.185,2316.04
960,4,0.005970446,231.3572,2119.123
961,4,0.005427678,196.7422,1937.665
962,4,0.004934253,166.7856,1770.62
963,4,0.004485684,140.9723,1617.006
964,4,0.004077895,118.8244,1475.892
965,4,0.003707177,99.90043,1346.398
966,4,0.003370161,83.79524,1227.689
967,4,0.003063783,70.13975,1118.975
968,4,0.002785257,58.60082,1019.505
969,4,0.002532052,48.88046,928.5705
970,4,0.002301865,40.71463,845.5036
971,4,0.002092605,33.8714,769.6761
972,4,0.001902368,28.14874,700.4991
973,4,0.001729426,23.37196,637.4233
974,4,0.001572205,19.39102,579.9371
975,4,0.001429277,16.0778,527.5661
976,4,0.001299343,13.32348,479.8714
977,4,0.001181221,11.03599,436.448
978,4,0.001073837,9.137761,396.9232
979,4,0.0009762156,7.56363,360.9542
